,esg,esg_industry,industry,name,ticker,growth_rate,industry_growth_rate,mean_esg,industry_mean_esg,Symbol,Company Name,"Market capitalization as on March 31, 2023
(Rs in Lakhs)",CAP
0,"[['2021-05-01', 93.24], ['2021-06-01', 95.96], ['2021-07-01', 96.34], ['2021-08-01', 93.49], ['2021-09-01', 94.64], ['2021-10-01', 99.56], ['2021-11-01', 99.52], ['2021-12-01', 99.57], ['2022-01-01', 98.2], ['2022-02-01', 98.4], ['2022-03-01', 98.08], ['2022-04-01', 98.13], ['2022-05-01', 98.58], ['2022-06-01', 98.53], ['2022-07-01', 98.62], ['2022-08-01', 98.31], ['2022-09-01', 98.37], ['2022-10-01', 99.26], ['2022-11-01', 99.23], ['2022-12-01', 99.24], ['2023-01-01', 98.96], ['2023-02-01', 98.96], ['2023-03-01', 98.98], ['2023-04-01', 98.83], ['2023-05-01', 98.37]]","[['2021-05-01', 93.24], ['2021-06-01', 90.67], ['2021-07-01', 92.98], ['2021-08-01', 85.53], ['2021-09-01', 89.04], ['2021-10-01', 98.7], ['2021-11-01', 98.7], ['2021-12-01', 98.72], ['2022-01-01', 97.49], ['2022-02-01', 97.53], ['2022-03-01', 97.56], ['2022-04-01', 96.76], ['2022-05-01', 97.17], ['2022-06-01', 97.58], ['2022-07-01', 97.6], ['2022-08-01', 96.02], ['2022-09-01', 95.63], ['2022-10-01', 97.22], ['2022-11-01', 97.21], ['2022-12-01', 98.37], ['2023-01-01', 97.54], ['2023-02-01', 97.52], ['2023-03-01', 97.5], ['2023-04-01', 96.67], ['2023-05-01', 95.87]]",Commercial Banking,IndusInd-Bank-Limited,INDUSINDBK,0.007027397260273986,0.0036027397260274107,97.9748,95.95279999999998,INDUSINDBK,IndusInd Bank Limited,8285787.877861,LARGECAP
1,"[['2021-05-01', 98.4], ['2021-06-01', 87.67], ['2021-07-01', 96.09], ['2021-08-01', 96.42], ['2021-09-01', 97.4], ['2021-10-01', 98.38], ['2021-11-01', 98.71], ['2021-12-01', 98.59], ['2022-01-01', 98.58], ['2022-02-01', 98.84], ['2022-03-01', 98.26], ['2022-04-01', 98.34], ['2022-05-01', 98.72], ['2022-06-01', 98.57], ['2022-07-01', 97.75], ['2022-08-01', 97.61], ['2022-09-01', 97.76], ['2022-10-01', 98.25], ['2022-11-01', 98.63], ['2022-12-01', 98.24], ['2023-01-01', 98.41], ['2023-02-01', 98.39], ['2023-03-01', 98.86], ['2023-04-01', 99.03], ['2023-05-01', 98.94]]","[['2021-05-01', 99.16], ['2021-06-01', 90.52], ['2021-07-01', 98.07], ['2021-08-01', 98.3], ['2021-09-01', 98.5], ['2021-10-01', 99.49], ['2021-11-01', 99.65], ['2021-12-01', 99.65], ['2022-01-01', 99.17], ['2022-02-01', 99.2], ['2022-03-01', 99.06], ['2022-04-01', 98.92], ['2022-05-01', 99.38], ['2022-06-01', 98.87], ['2022-07-01', 98.75], ['2022-08-01', 98.77], ['2022-09-01', 98.94], ['2022-10-01', 99.09], ['2022-11-01', 99.21], ['2022-12-01', 98.86], ['2023-01-01', 99.13], ['2023-02-01', 99.13], ['2023-03-01', 99.38], ['2023-04-01', 99.39], ['2023-05-01', 99.39]]","Chemicals, Plastics & Rubber Products Mfg.",Tata-Chemicals-Ltd,TATACHEM,0.0007397260273972494,0.00031506849315069037,97.79359999999998,98.7192,TATACHEM,Tata Chemicals Limited,2477377.425411,LARGECAP
2,"[['2021-05-01', 98.53], ['2021-06-01', 97.96], ['2021-07-01', 98.05], ['2021-08-01', 98.39], ['2021-09-01', 98.65], ['2021-10-01', 93.72], ['2021-11-01', 93.41], ['2021-12-01', 94.38], ['2022-01-01', 96.15], ['2022-02-01', 96.61], ['2022-03-01', 96.02], ['2022-04-01', 96.21], ['2022-05-01', 96.41], ['2022-06-01', 96.54], ['2022-07-01', 95.87], ['2022-08-01', 95.98], ['2022-09-01', 95.73], ['2022-10-01', 95.52], ['2022-11-01', 95.35], ['2022-12-01', 95.16], ['2023-01-01', 94.51], ['2023-02-01', 94.78], ['2023-03-01', 94.81], ['2023-04-01', 95.28], ['2023-05-01', 94.95]]","[['2021-05-01', 99.34], ['2021-06-01', 96.31], ['2021-07-01', 96.4], ['2021-08-01', 96.9], ['2021-09-01', 97.75], ['2021-10-01', 89.64], ['2021-11-01', 89.36], ['2021-12-01', 90.22], ['2022-01-01', 94.39], ['2022-02-01', 94.67], ['2022-03-01', 93.84], ['2022-04-01', 93.85], ['2022-05-01', 93.7], ['2022-06-01', 94.15], ['2022-07-01', 92.49], ['2022-08-01', 92.45], ['2022-09-01', 91.99], ['2022-10-01', 92.3], ['2022-11-01', 91.86], ['2022-12-01', 90.83], ['2023-01-01', 89.78], ['2023-02-01', 90.37], ['2023-03-01', 90.03], ['2023-04-01', 90.53], ['2023-05-01', 90.15]]",Banking,RBL-Bank-Ltd,RBLBANK,-0.004904109589041094,-0.012589041095890407,95.95879999999997,92.93200000000003,RBLBANK,RBL Bank Limited,845960.9058930001,MIDCAP
3,"[['2021-05-01', 98.83], ['2021-06-01', 97.0], ['2021-07-01', 96.51], ['2021-08-01', 96.84], ['2021-09-01', 96.73], ['2021-10-01', 94.56], ['2021-11-01', 94.59], ['2021-12-01', 96.12], ['2022-01-01', 93.62], ['2022-02-01', 93.93], ['2022-03-01', 94.52], ['2022-04-01', 98.19], ['2022-05-01', 97.53], ['2022-06-01', 97.55], ['2022-07-01', 96.85], ['2022-08-01', 96.94], ['2022-09-01', 96.42], ['2022-10-01', 96.84], ['2022-11-01', 96.76], ['2022-12-01', 95.27], ['2023-01-01', 93.31], ['2023-02-01', 94.08], ['2023-03-01', 93.95], ['2023-04-01', 96.81], ['2023-05-01', 94.12]]","[['2021-05-01', 99.52], ['2021-06-01', 98.11], ['2021-07-01', 97.74], ['2021-08-01', 97.74], ['2021-09-01', 98.13], ['2021-10-01', 94.86], ['2021-11-01', 94.44], ['2021-12-01', 96.88], ['2022-01-01', 93.84], ['2022-02-01', 94.06], ['2022-03-01', 94.21], ['2022-04-01', 99.04], ['2022-05-01', 97.78], ['2022-06-01', 97.84], ['2022-07-01', 96.65], ['2022-08-01', 96.96], ['2022-09-01', 96.37], ['2022-10-01', 97.87], ['2022-11-01', 98.18], ['2022-12-01', 96.46], ['2023-01-01', 93.31], ['2023-02-01', 95.04], ['2023-03-01', 94.75], ['2023-04-01', 97.67], ['2023-05-01', 94.19]]","Electronic Equipment & Instrumentation, Energy Equipment & Services",ABB-in-India,ABB,-0.006452054794520539,-0.007301369863013696,95.9148,96.4656,ABB,ABB India Limited,7131034.6813125,LARGECAP
4,"[['2021-05-01', 78.59], ['2021-06-01', 85.23], ['2021-07-01', 85.87], ['2021-08-01', 88.85], ['2021-09-01', 88.05], ['2021-10-01', 96.23], ['2021-11-01', 96.5], ['2021-12-01', 96.82], ['2022-01-01', 91.51], ['2022-02-01', 91.87], ['2022-03-01', 91.36], ['2022-04-01', 95.71], ['2022-05-01', 96.71], ['2022-06-01', 96.8], ['2022-07-01', 97.51], ['2022-08-01', 97.02], ['2022-09-01', 97.25], ['2022-10-01', 98.1], ['2022-11-01', 98.09], ['2022-12-01', 97.98], ['2023-01-01', 97.77], ['2023-02-01', 97.71], ['2023-03-01', 97.89], ['2023-04-01', 98.66], ['2023-05-01', 98.29]]","[['2021-05-01', 80.99], ['2021-06-01', 79.17], ['2021-07-01', 78.96], ['2021-08-01', 84.2], ['2021-09-01', 83.94], ['2021-10-01', 92.87], ['2021-11-01', 93.22], ['2021-12-01', 94.06], ['2022-01-01', 88.66], ['2022-02-01', 88.83], ['2022-03-01', 87.44], ['2022-04-01', 92.6], ['2022-05-01', 94.31], ['2022-06-01', 94.63], ['2022-07-01', 94.43], ['2022-08-01', 93.88], ['2022-09-01', 94.26], ['2022-10-01', 96.09], ['2022-11-01', 96.11], ['2022-12-01', 96.0], ['2023-01-01', 94.72], ['2023-02-01', 94.72], ['2023-03-01', 94.96], ['2023-04-01', 97.18], ['2023-05-01', 96.08]]",Banking,HDFC-Bank-Ltd,HDFCBANK,0.026986301369863016,0.020671232876712332,94.25480000000002,91.2924,HDFCBANK,HDFC Bank Limited,89808750.01206301,LARGECAP
5,"[['2021-05-01', 92.5], ['2021-06-01', 84.27], ['2021-07-01', 84.84], ['2021-08-01', 85.08], ['2021-09-01', 86.26], ['2021-10-01', 84.63], ['2021-11-01', 84.11], ['2021-12-01', 85.45], ['2022-01-01', 95.95], ['2022-02-01', 97.07], ['2022-03-01', 96.49], ['2022-04-01', 97.61], ['2022-05-01', 97.88], ['2022-06-01', 97.74], ['2022-07-01', 97.54], ['2022-08-01', 97.19], ['2022-09-01', 97.67], ['2022-10-01', 98.78], ['2022-11-01', 98.79], ['2022-12-01', 96.35], ['2023-01-01', 95.82], ['2023-02-01', 96.42], ['2023-03-01', 96.26], ['2023-04-01', 98.9], ['2023-05-01', 99.29]]","[['2021-05-01', 93.09], ['2021-06-01', 89.59], ['2021-07-01', 89.55], ['2021-08-01', 89.74], ['2021-09-01', 89.82], ['2021-10-01', 88.78], ['2021-11-01', 88.35], ['2021-12-01', 90.13], ['2022-01-01', 97.0], ['2022-02-01', 98.3], ['2022-03-01', 97.56], ['2022-04-01', 98.92], ['2022-05-01', 99.19], ['2022-06-01', 99.27], ['2022-07-01', 98.8], ['2022-08-01', 98.34], ['2022-09-01', 98.83], ['2022-10-01', 99.3], ['2022-11-01', 99.3], ['2022-12-01', 96.77], ['2023-01-01', 97.14], ['2023-02-01', 97.57], ['2023-03-01', 97.14], ['2023-04-01', 99.13], ['2023-05-01', 99.35]]",Construction Materials,Dalmia-Bharat-Ltd,DALBHARAT,0.009301369863013708,0.008575342465753413,93.71560000000001,95.63839999999999,DALBHARAT,Dalmia Bharat Limited,3690082.2053825,LARGECAP
6,"[['2021-06-01', 99.1], ['2021-07-01', 99.08], ['2021-08-01', 99.35], ['2021-09-01', 98.68], ['2021-10-01', 96.54], ['2021-11-01', 95.19], ['2021-12-01', 96.27], ['2022-01-01', 86.18], ['2022-02-01', 86.3], ['2022-03-01', 86.97], ['2022-04-01', 89.75], ['2022-05-01', 90.73], ['2022-06-01', 91.2], ['2022-07-01', 92.14], ['2022-08-01', 91.41], ['2022-09-01', 90.08], ['2022-10-01', 91.64], ['2022-11-01', 92.15], ['2022-12-01', 93.31], ['2023-01-01', 97.12], ['2023-02-01', 97.23], ['2023-03-01', 97.2], ['2023-04-01', 95.46], ['2023-05-01', 94.92]]","[['2021-06-01', 98.47], ['2021-07-01', 98.24], ['2021-08-01', 98.76], ['2021-09-01', 98.29], ['2021-10-01', 94.37], ['2021-11-01', 92.26], ['2021-12-01', 93.95], ['2022-01-01', 81.13], ['2022-02-01', 81.13], ['2022-03-01', 79.74], ['2022-04-01', 83.97], ['2022-05-01', 84.91], ['2022-06-01', 85.66], ['2022-07-01', 86.57], ['2022-08-01', 85.26], ['2022-09-01', 82.21], ['2022-10-01', 85.49], ['2022-11-01', 85.99], ['2022-12-01', 87.07], ['2023-01-01', 93.58], ['2023-02-01', 93.79], ['2023-03-01', 94.17], ['2023-04-01', 90.61], ['2023-05-01', 89.23]]",Diversified Financial Services,LandT-Finance-Holdings-Limited,L&TFH,-0.005979971387696699,-0.013218884120171666,93.66666666666667,89.36874999999999,L&TFH,L&T Finance Holdings Limited,2034570.1514985,LARGECAP
7,"[['2021-05-01', 97.74], ['2021-06-01', 86.76], ['2021-07-01', 86.74], ['2021-08-01', 92.61], ['2021-09-01', 93.63], ['2021-10-01', 94.0], ['2021-11-01', 92.88], ['2021-12-01', 94.02], ['2022-01-01', 93.39], ['2022-02-01', 93.7], ['2022-03-01', 94.21], ['2022-04-01', 94.95], ['2022-05-01', 96.4], ['2022-06-01', 97.9], ['2022-07-01', 97.59], ['2022-08-01', 89.94], ['2022-09-01', 88.43], ['2022-10-01', 88.47], ['2022-11-01', 88.42], ['2022-12-01', 87.96], ['2023-01-01', 87.49], ['2023-02-01', 89.19], ['2023-03-01', 88.74], ['2023-04-01', 87.11], ['2023-05-01', 86.43]]","[['2021-05-01', 94.21], ['2021-06-01', 84.83], ['2021-07-01', 82.67], ['2021-08-01', 90.74], ['2021-09-01', 91.41], ['2021-10-01', 92.0], ['2021-11-01', 89.35], ['2021-12-01', 91.23], ['2022-01-01', 90.81], ['2022-02-01', 92.35], ['2022-03-01', 89.9], ['2022-04-01', 90.45], ['2022-05-01', 93.97], ['2022-06-01', 96.67], ['2022-07-01', 96.23], ['2022-08-01', 85.12], ['2022-09-01', 83.33], ['2022-10-01', 83.49], ['2022-11-01', 83.41], ['2022-12-01', 82.67], ['2023-01-01', 82.53], ['2023-02-01', 83.91], ['2023-03-01', 83.55], ['2023-04-01', 81.78], ['2023-05-01', 80.59]]",Alternative Energy,Adani-Power-Ltd,ADANIPOWER,-0.01549315068493149,-0.01865753424657533,91.54799999999999,87.888,ADANIPOWER,Adani Power Limited,7389895.010956,LARGECAP
8,"[['2021-05-01', 92.38], ['2021-06-01', 94.18], ['2021-07-01', 93.29], ['2021-08-01', 92.9], ['2021-09-01', 92.52], ['2021-10-01', 89.05], ['2021-11-01', 88.34], ['2021-12-01', 89.53], ['2022-01-01', 86.97], ['2022-02-01', 86.96], ['2022-03-01', 87.05], ['2022-04-01', 87.62], ['2022-05-01', 88.12], ['2022-06-01', 88.56], ['2022-07-01', 88.12], ['2022-08-01', 88.74], ['2022-09-01', 89.01], ['2022-10-01', 96.36], ['2022-11-01', 96.21], ['2022-12-01', 95.96], ['2023-01-01', 93.72], ['2023-02-01', 94.64], ['2023-03-01', 94.54], ['2023-04-01', 87.64], ['2023-05-01', 87.82]]","[['2021-05-01', 84.87], ['2021-06-01', 86.98], ['2021-07-01', 85.58], ['2021-08-01', 86.81], ['2021-09-01', 87.16], ['2021-10-01', 79.29], ['2021-11-01', 77.58], ['2021-12-01', 78.32], ['2022-01-01', 75.82], ['2022-02-01', 75.46], ['2022-03-01', 78.28], ['2022-04-01', 78.7], ['2022-05-01', 80.05], ['2022-06-01', 81.8], ['2022-07-01', 80.43], ['2022-08-01', 80.82], ['2022-09-01', 81.32], ['2022-10-01', 92.08], ['2022-11-01', 91.53], ['2022-12-01', 90.37], ['2023-01-01', 88.86], ['2023-02-01', 89.27], ['2023-03-01', 89.29], ['2023-04-01', 76.62], ['2023-05-01', 78.59]]","Electric & Gas Utilities, Heavy & Civil Engineering Construction",Reliance-Infrastructure-Ltd,RELINFRA,-0.006246575342465756,-0.0086027397260274,90.8092,83.0352,RELINFRA,Reliance Infrastructure Limited,507457.075,MIDCAP
9,"[['2021-05-01', 96.53], ['2021-06-01', 60.22], ['2021-07-01', 84.84], ['2021-08-01', 84.51], ['2021-09-01', 88.7], ['2021-10-01', 85.33], ['2021-11-01', 85.26], ['2021-12-01', 86.6], ['2022-01-01', 94.59], ['2022-02-01', 93.98], ['2022-03-01', 92.16], ['2022-04-01', 92.6], ['2022-05-01', 93.98], ['2022-06-01', 92.35], ['2022-07-01', 96.44], ['2022-08-01', 96.07], ['2022-09-01', 96.28], ['2022-10-01', 95.35], ['2022-11-01', 95.21], ['2022-12-01', 95.26], ['2023-01-01', 92.32], ['2023-02-01', 92.45], ['2023-03-01', 92.3], ['2023-04-01', 93.44], ['2023-05-01', 93.2]]","[['2021-05-01', 97.87], ['2021-06-01', 65.43], ['2021-07-01', 89.55], ['2021-08-01', 89.01], ['2021-09-01', 93.09], ['2021-10-01', 89.74], ['2021-11-01', 89.32], ['2021-12-01', 91.4], ['2022-01-01', 95.5], ['2022-02-01', 95.47], ['2022-03-01', 94.04], ['2022-04-01', 94.62], ['2022-05-01', 95.43], ['2022-06-01', 95.16], ['2022-07-01', 97.37], ['2022-08-01', 97.39], ['2022-09-01', 97.42], ['2022-10-01', 96.98], ['2022-11-01', 96.96], ['2022-12-01', 96.3], ['2023-01-01', 93.39], ['2023-02-01', 94.04], ['2023-03-01', 93.85], ['2023-04-01', 94.36], ['2023-05-01', 94.38]]",Construction Materials,J-K-CEMENT-LIMITED,JKCEMENT,-0.004561643835616436,-0.0047808219178082315,90.79879999999997,93.12280000000001,JKCEMENT,JK Cement Limited,2259091.854487,LARGECAP
10,"[['2021-05-01', 98.18], ['2021-06-01', 94.95], ['2021-07-01', 94.92], ['2021-08-01', 95.31], ['2021-09-01', 94.84], ['2021-10-01', 92.75], ['2021-11-01', 91.93], ['2021-12-01', 93.02], ['2022-01-01', 88.45], ['2022-02-01', 88.44], ['2022-03-01', 87.84], ['2022-04-01', 91.18], ['2022-05-01', 93.22], ['2022-06-01', 93.62], ['2022-07-01', 91.78], ['2022-08-01', 90.37], ['2022-09-01', 89.6], ['2022-10-01', 90.72], ['2022-11-01', 90.46], ['2022-12-01', 86.68], ['2023-01-01', 86.2], ['2023-02-01', 87.6], ['2023-03-01', 87.99], ['2023-04-01', 84.71], ['2023-05-01', 83.27]]","[['2021-05-01', 96.71], ['2021-06-01', 93.9], ['2021-07-01', 94.34], ['2021-08-01', 94.34], ['2021-09-01', 93.87], ['2021-10-01', 90.76], ['2021-11-01', 88.26], ['2021-12-01', 91.38], ['2022-01-01', 85.04], ['2022-02-01', 86.11], ['2022-03-01', 85.83], ['2022-04-01', 89.45], ['2022-05-01', 91.41], ['2022-06-01', 91.7], ['2022-07-01', 89.93], ['2022-08-01', 89.25], ['2022-09-01', 89.51], ['2022-10-01', 89.93], ['2022-11-01', 89.55], ['2022-12-01', 85.95], ['2023-01-01', 84.79], ['2023-02-01', 86.77], ['2023-03-01', 87.78], ['2023-04-01', 81.85], ['2023-05-01', 79.62]]",Motor Vehicle Parts Manufacturing,Exide-Industries-Ltd,EXIDEIND,-0.02042465753424659,-0.023410958904109574,90.72120000000001,89.12119999999999,EXIDEIND,Exide Industries Limited,1512575,MIDCAP
11,"[['2021-05-01', 82.3], ['2021-06-01', 83.81], ['2021-07-01', 83.16], ['2021-08-01', 85.59], ['2021-09-01', 87.76], ['2021-10-01', 89.41], ['2021-11-01', 89.9], ['2021-12-01', 90.57], ['2022-01-01', 91.84], ['2022-02-01', 92.61], ['2022-03-01', 92.12], ['2022-04-01', 93.72], ['2022-05-01', 91.36], ['2022-06-01', 93.15], ['2022-07-01', 93.25], ['2022-08-01', 93.13], ['2022-09-01', 92.79], ['2022-10-01', 92.61], ['2022-11-01', 92.96], ['2022-12-01', 87.5], ['2023-01-01', 88.09], ['2023-02-01', 91.86], ['2023-03-01', 91.72], ['2023-04-01', 94.31], ['2023-05-01', 91.26]]","[['2021-05-01', 88.04], ['2021-06-01', 87.43], ['2021-07-01', 87.21], ['2021-08-01', 90.65], ['2021-09-01', 91.45], ['2021-10-01', 90.64], ['2021-11-01', 90.05], ['2021-12-01', 90.86], ['2022-01-01', 92.17], ['2022-02-01', 92.96], ['2022-03-01', 92.34], ['2022-04-01', 93.82], ['2022-05-01', 91.92], ['2022-06-01', 95.13], ['2022-07-01', 95.16], ['2022-08-01', 94.5], ['2022-09-01', 94.32], ['2022-10-01', 93.91], ['2022-11-01', 93.44], ['2022-12-01', 88.72], ['2023-01-01', 87.69], ['2023-02-01', 90.33], ['2023-03-01', 90.77], ['2023-04-01', 96.23], ['2023-05-01', 91.11]]",Pharmaceutical & Medicine Manufacturing,Dr-Reddys-Laboratories-Ltd,DRREDDY,0.012273972602739738,0.004205479452054785,90.27120000000002,91.634,DRREDDY,Dr. Reddy's Laboratories Limited,7698120.143285,LARGECAP
12,"[['2023-01-01', 89.66], ['2023-02-01', 90.26], ['2023-03-01', 90.11], ['2023-04-01', 88.84], ['2023-05-01', 89.32]]","[['2023-01-01', 91.79], ['2023-02-01', 93.26], ['2023-03-01', 92.86], ['2023-04-01', 90.71], ['2023-05-01', 90.07]]",Specialty Retail,HIL-Ltd,HIL,-0.0028333333333333617,-0.014333333333333443,89.638,91.738,HIL,HIL Limited,180964.9337545,SMALLCAP
13,"[['2023-01-01', 89.94], ['2023-02-01', 89.82], ['2023-03-01', 89.66], ['2023-04-01', 87.8], ['2023-05-01', 88.63]]","[['2023-01-01', 91.53], ['2023-02-01', 91.1], ['2023-03-01', 90.89], ['2023-04-01', 87.24], ['2023-05-01', 89.17]]","Chemicals, Plastics & Rubber Products Mfg.",INDIA-GLYCOLS-LIMITED,INDIAGLYCO,-0.010916666666666686,-0.019666666666666662,89.16999999999999,89.986,INDIAGLYCO,India Glycols Limited,190289.379,SMALLCAP
14,"[['2021-05-01', 82.88], ['2021-06-01', 81.97], ['2021-07-01', 81.87], ['2021-08-01', 82.03], ['2021-09-01', 82.19], ['2021-10-01', 86.57], ['2021-11-01', 88.68], ['2021-12-01', 89.42], ['2022-01-01', 91.34], ['2022-02-01', 91.12], ['2022-03-01', 90.67], ['2022-04-01', 88.0], ['2022-05-01', 90.19], ['2022-06-01', 90.05], ['2022-07-01', 93.54], ['2022-08-01', 93.58], ['2022-09-01', 93.98], ['2022-10-01', 90.61], ['2022-11-01', 90.24], ['2022-12-01', 94.11], ['2023-01-01', 92.39], ['2023-02-01', 92.83], ['2023-03-01', 92.37], ['2023-04-01', 88.79], ['2023-05-01', 88.81]]","[['2021-05-01', 85.54], ['2021-06-01', 87.04], ['2021-07-01', 85.81], ['2021-08-01', 86.54], ['2021-09-01', 85.03], ['2021-10-01', 89.29], ['2021-11-01', 90.8], ['2021-12-01', 92.06], ['2022-01-01', 93.3], ['2022-02-01', 92.95], ['2022-03-01', 92.57], ['2022-04-01', 89.79], ['2022-05-01', 91.49], ['2022-06-01', 91.08], ['2022-07-01', 94.75], ['2022-08-01', 95.49], ['2022-09-01', 96.04], ['2022-10-01', 92.36], ['2022-11-01', 91.42], ['2022-12-01', 95.65], ['2023-01-01', 93.93], ['2023-02-01', 93.74], ['2023-03-01', 93.1], ['2023-04-01', 90.34], ['2023-05-01', 90.85]]","Manufacturing, Electrical Equipment Manufacturing",Bharat-Heavy-Electricals-Limited,BHEL,0.008123287671232887,0.00727397260273971,89.1292,91.23839999999998,BHEL,Bharat Heavy Electricals Limited,2439185.3801775,LARGECAP
15,"[['2021-05-01', 93.78], ['2021-06-01', 89.65], ['2021-07-01', 89.71], ['2021-08-01', 89.95], ['2021-09-01', 87.87], ['2021-10-01', 95.06], ['2021-11-01', 95.93], ['2021-12-01', 96.87], ['2022-01-01', 87.51], ['2022-02-01', 88.75], ['2022-03-01', 88.37], ['2022-04-01', 87.03], ['2022-05-01', 88.72], ['2022-06-01', 88.56], ['2022-07-01', 89.21], ['2022-08-01', 90.53], ['2022-09-01', 90.36], ['2022-10-01', 90.59], ['2022-11-01', 90.61], ['2022-12-01', 92.73], ['2023-01-01', 86.35], ['2023-02-01', 86.85], ['2023-03-01', 86.5], ['2023-04-01', 78.47], ['2023-05-01', 76.63]]","[['2021-05-01', 96.53], ['2021-06-01', 93.9], ['2021-07-01', 94.51], ['2021-08-01', 93.86], ['2021-09-01', 92.79], ['2021-10-01', 97.89], ['2021-11-01', 98.25], ['2021-12-01', 98.5], ['2022-01-01', 89.18], ['2022-02-01', 90.89], ['2022-03-01', 91.76], ['2022-04-01', 89.75], ['2022-05-01', 90.72], ['2022-06-01', 90.96], ['2022-07-01', 90.99], ['2022-08-01', 93.0], ['2022-09-01', 92.35], ['2022-10-01', 92.21], ['2022-11-01', 92.21], ['2022-12-01', 93.62], ['2023-01-01', 88.55], ['2023-02-01', 88.39], ['2023-03-01', 87.34], ['2023-04-01', 79.66], ['2023-05-01', 79.19]]",Mining (except Oil & Gas),NMDC-Ltd,NMDC,-0.023493150684931515,-0.02375342465753425,89.06360000000001,91.48,NMDC,NMDC Limited,3269090.825675,LARGECAP
16,"[['2021-05-01', 84.96], ['2021-06-01', 91.42], ['2021-07-01', 93.8], ['2021-08-01', 94.32], ['2021-09-01', 92.4], ['2021-10-01', 92.57], ['2021-11-01', 91.26], ['2021-12-01', 91.89], ['2022-01-01', 83.87], ['2022-02-01', 83.73], ['2022-03-01', 82.13], ['2022-04-01', 89.01], ['2022-05-01', 89.53], ['2022-06-01', 89.77], ['2022-07-01', 92.69], ['2022-08-01', 91.58], ['2022-09-01', 91.38], ['2022-10-01', 92.19], ['2022-11-01', 92.33], ['2022-12-01', 92.61], ['2023-01-01', 92.3], ['2023-02-01', 90.29], ['2023-03-01', 90.19], ['2023-04-01', 72.89], ['2023-05-01', 73.07]]","[['2021-05-01', 86.59], ['2021-06-01', 84.14], ['2021-07-01', 87.66], ['2021-08-01', 89.33], ['2021-09-01', 87.04], ['2021-10-01', 88.03], ['2021-11-01', 85.42], ['2021-12-01', 86.77], ['2022-01-01', 78.74], ['2022-02-01', 77.44], ['2022-03-01', 73.99], ['2022-04-01', 82.49], ['2022-05-01', 83.44], ['2022-06-01', 84.24], ['2022-07-01', 87.78], ['2022-08-01', 85.46], ['2022-09-01', 84.78], ['2022-10-01', 86.47], ['2022-11-01', 86.58], ['2022-12-01', 85.52], ['2023-01-01', 84.91], ['2023-02-01', 82.3], ['2023-03-01', 82.71], ['2023-04-01', 62.62], ['2023-05-01', 62.59]]",Diversified Financial Services,Infrastructure-Development-Finance-Company-Limited,IDFC,-0.016287671232876715,-0.03287671232876712,88.8872,82.6816,IDFC,IDFC Limited,1256787.7744780001,MIDCAP
17,"[['2021-06-01', 99.61], ['2021-07-01', 99.56], ['2021-08-01', 99.62], ['2021-09-01', 97.19], ['2021-10-01', 97.26], ['2021-11-01', 95.23], ['2021-12-01', 97.21], ['2022-01-01', 90.14], ['2022-02-01', 91.07], ['2022-03-01', 87.39], ['2022-04-01', 88.43], ['2022-05-01', 89.54], ['2022-06-01', 88.12], ['2022-07-01', 86.33], ['2022-08-01', 87.23], ['2022-09-01', 87.14], ['2022-10-01', 82.22], ['2022-11-01', 82.19], ['2022-12-01', 82.92], ['2023-01-01', 82.6], ['2023-02-01', 82.69], ['2023-03-01', 82.2], ['2023-04-01', 77.72], ['2023-05-01', 77.6]]","[['2021-06-01', 99.64], ['2021-07-01', 99.3], ['2021-08-01', 100.0], ['2021-09-01', 96.6], ['2021-10-01', 95.89], ['2021-11-01', 93.15], ['2021-12-01', 96.32], ['2022-01-01', 88.83], ['2022-02-01', 90.45], ['2022-03-01', 83.75], ['2022-04-01', 82.64], ['2022-05-01', 86.38], ['2022-06-01', 83.7], ['2022-07-01', 80.81], ['2022-08-01', 82.4], ['2022-09-01', 81.75], ['2022-10-01', 76.1], ['2022-11-01', 75.97], ['2022-12-01', 75.68], ['2023-01-01', 75.42], ['2023-02-01', 77.27], ['2023-03-01', 77.51], ['2023-04-01', 70.69], ['2023-05-01', 70.99]]",Brokerage & Capital Markets,Edelweiss-Financial-Services-Limited,EDELWEISS,-0.03148783977110158,-0.04098712446351932,88.80041666666666,85.05166666666668,EDELWEISS,Edelweiss Financial Services Limited,496071.23909,SMALLCAP
18,"[['2021-05-01', 78.46], ['2021-06-01', 84.61], ['2021-07-01', 84.5], ['2021-08-01', 84.93], ['2021-09-01', 84.39], ['2021-10-01', 89.51], ['2021-11-01', 87.93], ['2021-12-01', 89.26], ['2022-01-01', 86.17], ['2022-02-01', 87.64], ['2022-03-01', 87.69], ['2022-04-01', 88.77], ['2022-05-01', 89.32], ['2022-06-01', 89.65], ['2022-07-01', 88.82], ['2022-08-01', 89.0], ['2022-09-01', 88.57], ['2022-10-01', 88.56], ['2022-11-01', 88.8], ['2022-12-01', 90.03], ['2023-01-01', 89.46], ['2023-02-01', 94.67], ['2023-03-01', 94.58], ['2023-04-01', 93.04], ['2023-05-01', 95.37]]","[['2021-05-01', 78.72], ['2021-06-01', 75.96], ['2021-07-01', 74.56], ['2021-08-01', 75.19], ['2021-09-01', 75.55], ['2021-10-01', 81.46], ['2021-11-01', 78.82], ['2021-12-01', 81.61], ['2022-01-01', 80.91], ['2022-02-01', 81.78], ['2022-03-01', 81.45], ['2022-04-01', 81.86], ['2022-05-01', 83.23], ['2022-06-01', 84.04], ['2022-07-01', 82.36], ['2022-08-01', 81.47], ['2022-09-01', 80.04], ['2022-10-01', 80.98], ['2022-11-01', 80.93], ['2022-12-01', 81.85], ['2023-01-01', 80.38], ['2023-02-01', 88.89], ['2023-03-01', 89.29], ['2023-04-01', 86.92], ['2023-05-01', 89.78]]",Diversified Financial Services,Mahindra-and-Mahindra-Financial-Services,M&MFIN,0.02316438356164385,0.015150684931506852,88.5492,81.5212,M&MFIN,Mahindra & Mahindra Financial Services Limited,2862105.05968,LARGECAP
19,"[['2023-01-01', 88.39], ['2023-02-01', 88.07], ['2023-03-01', 87.96], ['2023-04-01', 88.04], ['2023-05-01', 88.17]]","[['2023-01-01', 81.4], ['2023-02-01', 80.5], ['2023-03-01', 80.3], ['2023-04-01', 80.27], ['2023-05-01', 80.52]]",Banking,CSB-Bank-Ltd,CSBBANK,-0.0018333333333333238,-0.007333333333333414,88.126,80.59799999999998,CSBBANK,CSB Bank Limited,425213.761977,SMALLCAP
20,"[['2021-05-01', 99.85], ['2021-06-01', 99.37], ['2021-07-01', 99.2], ['2021-08-01', 99.15], ['2021-09-01', 97.41], ['2021-10-01', 90.12], ['2021-11-01', 89.57], ['2021-12-01', 91.22], ['2022-01-01', 92.74], ['2022-02-01', 93.11], ['2022-03-01', 92.69], ['2022-04-01', 79.06], ['2022-05-01', 77.84], ['2022-06-01', 76.44], ['2022-07-01', 90.36], ['2022-08-01', 89.03], ['2022-09-01', 89.0], ['2022-10-01', 77.16], ['2022-11-01', 76.86], ['2022-12-01', 74.17], ['2023-01-01', 81.86], ['2023-02-01', 81.06], ['2023-03-01', 80.5], ['2023-04-01', 83.59], ['2023-05-01', 78.91]]","[['2021-05-01', 100.0], ['2021-06-01', 99.44], ['2021-07-01', 98.9], ['2021-08-01', 98.36], ['2021-09-01', 96.7], ['2021-10-01', 90.69], ['2021-11-01', 89.0], ['2021-12-01', 91.04], ['2022-01-01', 92.27], ['2022-02-01', 93.46], ['2022-03-01', 93.61], ['2022-04-01', 76.26], ['2022-05-01', 76.96], ['2022-06-01', 74.01], ['2022-07-01', 90.83], ['2022-08-01', 89.7], ['2022-09-01', 89.87], ['2022-10-01', 74.26], ['2022-11-01', 73.64], ['2022-12-01', 71.54], ['2023-01-01', 80.31], ['2023-02-01', 79.07], ['2023-03-01', 78.68], ['2023-04-01', 81.25], ['2023-05-01', 76.86]]",Energy Equipment & Services,CG-Power-and-Industrial-Solutions-Ltd,CGPOWER,-0.028684931506849313,-0.0316986301369863,87.2108,86.2684,CGPOWER,CG Power and Industrial Solutions Limited,4582157.867717,LARGECAP
21,"[['2021-05-01', 73.87], ['2021-06-01', 80.78], ['2021-07-01', 80.52], ['2021-08-01', 81.95], ['2021-09-01', 81.83], ['2021-10-01', 87.68], ['2021-11-01', 87.63], ['2021-12-01', 87.91], ['2022-01-01', 84.12], ['2022-02-01', 86.2], ['2022-03-01', 85.49], ['2022-04-01', 86.76], ['2022-05-01', 86.44], ['2022-06-01', 86.35], ['2022-07-01', 81.88], ['2022-08-01', 84.6], ['2022-09-01', 85.08], ['2022-10-01', 87.49], ['2022-11-01', 87.66], ['2022-12-01', 87.22], ['2023-01-01', 86.7], ['2023-02-01', 87.49], ['2023-03-01', 87.07], ['2023-04-01', 89.42], ['2023-05-01', 88.74]]","[['2021-05-01', 76.53], ['2021-06-01', 72.38], ['2021-07-01', 72.19], ['2021-08-01', 73.77], ['2021-09-01', 75.63], ['2021-10-01', 83.45], ['2021-11-01', 83.24], ['2021-12-01', 83.22], ['2022-01-01', 79.75], ['2022-02-01', 81.6], ['2022-03-01', 79.65], ['2022-04-01', 80.55], ['2022-05-01', 81.09], ['2022-06-01', 80.49], ['2022-07-01', 74.46], ['2022-08-01', 77.7], ['2022-09-01', 77.63], ['2022-10-01', 79.5], ['2022-11-01', 79.83], ['2022-12-01', 78.97], ['2023-01-01', 79.22], ['2023-02-01', 80.05], ['2023-03-01', 79.5], ['2023-04-01', 82.3], ['2023-05-01', 81.41]]",Banking,Axis-Bank-Limited,AXISBANK,0.020369863013698617,0.006684931506849309,85.2352,78.96440000000001,AXISBANK,Axis Bank Limited,26412099.823345,LARGECAP
22,"[['2021-05-01', 79.42], ['2021-06-01', 80.59], ['2021-07-01', 81.85], ['2021-08-01', 78.28], ['2021-09-01', 77.96], ['2021-10-01', 84.81], ['2021-11-01', 83.02], ['2021-12-01', 82.96], ['2022-01-01', 86.2], ['2022-02-01', 87.7], ['2022-03-01', 86.33], ['2022-04-01', 86.46], ['2022-05-01', 86.23], ['2022-06-01', 84.81], ['2022-07-01', 85.77], ['2022-08-01', 86.56], ['2022-09-01', 86.36], ['2022-10-01', 85.81], ['2022-11-01', 86.11], ['2022-12-01', 88.98], ['2023-01-01', 88.91], ['2023-02-01', 88.2], ['2023-03-01', 88.04], ['2023-04-01', 83.23], ['2023-05-01', 87.53]]","[['2021-05-01', 84.97], ['2021-06-01', 85.45], ['2021-07-01', 86.5], ['2021-08-01', 83.86], ['2021-09-01', 83.11], ['2021-10-01', 88.61], ['2021-11-01', 86.9], ['2021-12-01', 86.11], ['2022-01-01', 87.76], ['2022-02-01', 89.73], ['2022-03-01', 90.04], ['2022-04-01', 89.18], ['2022-05-01', 88.64], ['2022-06-01', 87.83], ['2022-07-01', 88.39], ['2022-08-01', 89.76], ['2022-09-01', 89.52], ['2022-10-01', 88.39], ['2022-11-01', 88.39], ['2022-12-01', 90.34], ['2023-01-01', 89.83], ['2023-02-01', 89.19], ['2023-03-01', 88.77], ['2023-04-01', 84.51], ['2023-05-01', 88.82]]",Mining (except Oil & Gas),Hindalco-Industries-Ltd,HINDALCO,0.01110958904109589,0.005273972602739718,84.88480000000001,87.78399999999999,HINDALCO,Hindalco Industries Limited,9109003.2502975,LARGECAP
23,"[['2021-07-01', 99.25], ['2021-08-01', 99.32], ['2021-09-01', 98.87], ['2021-10-01', 98.89], ['2021-11-01', 93.05], ['2021-12-01', 95.28], ['2022-01-01', 85.83], ['2022-02-01', 85.32], ['2022-03-01', 87.37], ['2022-04-01', 82.81], ['2022-05-01', 81.87], ['2022-06-01', 81.83], ['2022-07-01', 81.37], ['2022-08-01', 81.51], ['2022-09-01', 81.6], ['2022-10-01', 82.73], ['2022-11-01', 82.77], ['2022-12-01', 83.39], ['2023-01-01', 69.05], ['2023-02-01', 71.35], ['2023-03-01', 70.8], ['2023-04-01', 79.48], ['2023-05-01', 76.81]]","[['2021-07-01', 98.25], ['2021-08-01', 98.96], ['2021-09-01', 99.32], ['2021-10-01', 99.68], ['2021-11-01', 89.72], ['2021-12-01', 93.56], ['2022-01-01', 80.8], ['2022-02-01', 79.78], ['2022-03-01', 83.47], ['2022-04-01', 75.48], ['2022-05-01', 73.02], ['2022-06-01', 72.83], ['2022-07-01', 73.78], ['2022-08-01', 74.4], ['2022-09-01', 74.6], ['2022-10-01', 76.62], ['2022-11-01', 76.74], ['2022-12-01', 77.17], ['2023-01-01', 59.04], ['2023-02-01', 61.96], ['2023-03-01', 61.0], ['2023-04-01', 74.7], ['2023-05-01', 69.1]]",Brokerage & Capital Markets,ICICI-Securities-Ltd,ISEC,-0.03354260089686098,-0.043572496263079234,84.80652173913043,79.30347826086957,ISEC,ICICI Securities Limited,1382035.301143,MIDCAP
24,"[['2021-05-01', 89.44], ['2021-06-01', 90.66], ['2021-07-01', 88.71], ['2021-08-01', 85.19], ['2021-09-01', 84.09], ['2021-10-01', 89.23], ['2021-11-01', 88.15], ['2021-12-01', 88.28], ['2022-01-01', 85.17], ['2022-02-01', 87.06], ['2022-03-01', 86.46], ['2022-04-01', 86.76], ['2022-05-01', 85.36], ['2022-06-01', 84.53], ['2022-07-01', 85.41], ['2022-08-01', 81.59], ['2022-09-01', 81.64], ['2022-10-01', 80.31], ['2022-11-01', 80.63], ['2022-12-01', 80.32], ['2023-01-01', 79.31], ['2023-02-01', 83.49], ['2023-03-01', 85.11], ['2023-04-01', 80.13], ['2023-05-01', 74.74]]","[['2021-05-01', 85.59], ['2021-06-01', 89.05], ['2021-07-01', 87.68], ['2021-08-01', 80.58], ['2021-09-01', 76.92], ['2021-10-01', 87.5], ['2021-11-01', 82.55], ['2021-12-01', 85.9], ['2022-01-01', 77.71], ['2022-02-01', 85.56], ['2022-03-01', 83.15], ['2022-04-01', 80.11], ['2022-05-01', 78.19], ['2022-06-01', 77.0], ['2022-07-01', 82.09], ['2022-08-01', 75.12], ['2022-09-01', 76.17], ['2022-10-01', 72.94], ['2022-11-01', 72.48], ['2022-12-01', 71.86], ['2023-01-01', 73.5], ['2023-02-01', 79.66], ['2023-03-01', 82.28], ['2023-04-01', 75.0], ['2023-05-01', 66.8]]",Motor Vehicle Manufacturing,Tata-Motors-Limited,TATAMOTORS,-0.020136986301369866,-0.02573972602739727,84.4708,79.4156,TATAMOTORS,Tata Motors Limited,13976216.9196,LARGECAP
25,"[['2022-01-01', 89.52], ['2022-02-01', 90.55], ['2022-03-01', 89.94], ['2022-04-01', 83.09], ['2022-05-01', 83.34], ['2022-06-01', 82.64], ['2022-07-01', 83.6], ['2022-08-01', 82.8], ['2022-09-01', 83.07], ['2022-10-01', 84.68], ['2022-11-01', 84.73], ['2022-12-01', 87.72], ['2023-01-01', 69.95], ['2023-03-01', 85.25], ['2023-04-01', 84.53], ['2023-05-01', 84.84]]","[['2022-01-01', 88.39], ['2022-02-01', 87.07], ['2022-03-01', 87.29], ['2022-04-01', 72.5], ['2022-05-01', 72.73], ['2022-06-01', 74.81], ['2022-07-01', 75.74], ['2022-08-01', 75.54], ['2022-09-01', 75.35], ['2022-10-01', 77.4], ['2022-11-01', 77.4], ['2022-12-01', 79.05], ['2023-01-01', 61.44], ['2023-03-01', 75.32], ['2023-04-01', 74.03], ['2023-05-01', 75.95]]",Containers & Packaging Manufacturing,Borosil-Renewables-Limited,BORORENEW,-0.00964948453608246,-0.02564948453608247,84.390625,76.875625,BORORENEW,BOROSIL RENEWABLES LIMITED,536151.7684215,MIDCAP
26,"[['2021-05-01', 81.42], ['2021-06-01', 81.38], ['2021-07-01', 81.17], ['2021-08-01', 77.81], ['2021-09-01', 78.89], ['2021-10-01', 83.91], ['2021-11-01', 83.85], ['2021-12-01', 85.28], ['2022-01-01', 81.91], ['2022-02-01', 84.39], ['2022-03-01', 83.7], ['2022-04-01', 85.93], ['2022-05-01', 89.14], ['2022-06-01', 89.92], ['2022-07-01', 89.72], ['2022-08-01', 85.55], ['2022-09-01', 85.46], ['2022-10-01', 84.55], ['2022-11-01', 85.04], ['2022-12-01', 83.82], ['2023-01-01', 83.85], ['2023-02-01', 85.13], ['2023-03-01', 84.37], ['2023-04-01', 82.61], ['2023-05-01', 82.47]]","[['2021-05-01', 83.53], ['2021-06-01', 85.71], ['2021-07-01', 84.49], ['2021-08-01', 80.45], ['2021-09-01', 81.53], ['2021-10-01', 87.2], ['2021-11-01', 87.83], ['2021-12-01', 88.24], ['2022-01-01', 84.08], ['2022-02-01', 86.18], ['2022-03-01', 84.88], ['2022-04-01', 87.17], ['2022-05-01', 90.21], ['2022-06-01', 90.36], ['2022-07-01', 90.21], ['2022-08-01', 86.7], ['2022-09-01', 87.41], ['2022-10-01', 86.57], ['2022-11-01', 86.77], ['2022-12-01', 85.13], ['2023-01-01', 83.82], ['2023-02-01', 85.23], ['2023-03-01', 83.52], ['2023-04-01', 81.35], ['2023-05-01', 82.37]]",Manufacturing,Tata-Steel-Ltd,TATASTEEL,0.0014383561643835578,-0.0015890410958904063,84.0508,85.63759999999998,TATASTEEL,Tata Steel Limited,12771501.59835,LARGECAP
27,"[['2021-06-01', 99.33], ['2021-07-01', 99.29], ['2021-08-01', 99.36], ['2021-09-01', 98.9], ['2021-10-01', 97.45], ['2021-11-01', 97.44], ['2021-12-01', 97.93], ['2022-01-01', 91.43], ['2022-02-01', 91.78], ['2022-03-01', 92.35], ['2022-04-01', 87.61], ['2022-05-01', 86.28], ['2022-06-01', 86.16], ['2022-07-01', 89.25], ['2022-08-01', 90.25], ['2022-09-01', 90.55], ['2022-10-01', 71.9], ['2022-11-01', 68.23], ['2022-12-01', 61.52], ['2023-01-01', 58.98], ['2023-02-01', 65.33], ['2023-03-01', 65.19], ['2023-04-01', 65.95], ['2023-05-01', 61.97]]","[['2021-06-01', 98.72], ['2021-07-01', 98.74], ['2021-08-01', 99.01], ['2021-09-01', 98.53], ['2021-10-01', 96.01], ['2021-11-01', 95.67], ['2021-12-01', 96.86], ['2022-01-01', 88.29], ['2022-02-01', 88.07], ['2022-03-01', 87.85], ['2022-04-01', 79.96], ['2022-05-01', 77.99], ['2022-06-01', 78.59], ['2022-07-01', 83.37], ['2022-08-01', 82.67], ['2022-09-01', 83.4], ['2022-10-01', 61.37], ['2022-11-01', 57.78], ['2022-12-01', 48.07], ['2023-01-01', 46.42], ['2023-02-01', 52.73], ['2023-03-01', 53.2], ['2023-04-01', 56.35], ['2023-05-01', 52.01]]",Diversified Financial Services,Bajaj-Holdings-And-Investment-Ltd,BAJAJHLDNG,-0.053447782546494994,-0.06682403433476394,83.93458333333334,77.56916666666667,BAJAJHLDNG,Bajaj Holdings & Investment Limited,6588687.08551,LARGECAP
28,"[['2021-06-01', 94.58], ['2021-07-01', 94.59], ['2021-08-01', 94.97], ['2021-09-01', 94.09], ['2021-10-01', 94.01], ['2021-11-01', 88.16], ['2021-12-01', 89.39], ['2022-01-01', 75.93], ['2022-02-01', 74.35], ['2022-03-01', 74.98], ['2022-04-01', 64.58], ['2022-05-01', 71.62], ['2022-06-01', 71.91], ['2022-07-01', 76.48], ['2022-08-01', 76.67], ['2022-09-01', 77.39], ['2022-10-01', 79.42], ['2022-11-01', 81.09], ['2022-12-01', 88.54], ['2023-01-01', 91.14], ['2023-02-01', 91.5], ['2023-03-01', 91.34], ['2023-04-01', 85.53], ['2023-05-01', 85.03]]","[['2021-06-01', 90.07], ['2021-07-01', 90.71], ['2021-08-01', 91.72], ['2021-09-01', 91.16], ['2021-10-01', 91.77], ['2021-11-01', 83.01], ['2021-12-01', 85.16], ['2022-01-01', 67.27], ['2022-02-01', 66.29], ['2022-03-01', 67.39], ['2022-04-01', 57.14], ['2022-05-01', 66.15], ['2022-06-01', 67.14], ['2022-07-01', 71.16], ['2022-08-01', 72.4], ['2022-09-01', 73.33], ['2022-10-01', 76.52], ['2022-11-01', 76.19], ['2022-12-01', 83.54], ['2023-01-01', 89.52], ['2023-02-01', 88.8], ['2023-03-01', 89.29], ['2023-04-01', 81.75], ['2023-05-01', 80.31]]","Architectural, Engineering, & Related Services",LandT-Technology-Services-Ltd,LTTS,-0.0136623748211731,-0.013962804005722447,83.63708333333334,79.07458333333334,LTTS,L&T Technology Services Limited,3567801.9108059998,LARGECAP
29,"[['2021-05-01', 78.16], ['2021-06-01', 81.77], ['2021-07-01', 82.88], ['2021-08-01', 83.65], ['2021-09-01', 84.9], ['2021-10-01', 83.98], ['2021-11-01', 83.93], ['2021-12-01', 84.77], ['2022-01-01', 80.01], ['2022-02-01', 79.34], ['2022-03-01', 78.26], ['2022-04-01', 80.96], ['2022-05-01', 82.39], ['2022-06-01', 82.28], ['2022-07-01', 83.33], ['2022-08-01', 83.11], ['2022-09-01', 83.31], ['2022-10-01', 81.68], ['2022-11-01', 81.66], ['2022-12-01', 84.42], ['2023-01-01', 87.21], ['2023-02-01', 84.72], ['2023-03-01', 83.72], ['2023-04-01', 84.14], ['2023-05-01', 83.64]]","[['2021-05-01', 90.37], ['2021-06-01', 92.86], ['2021-07-01', 93.5], ['2021-08-01', 93.12], ['2021-09-01', 93.98], ['2021-10-01', 92.05], ['2021-11-01', 92.02], ['2021-12-01', 92.94], ['2022-01-01', 90.15], ['2022-02-01', 90.07], ['2022-03-01', 89.44], ['2022-04-01', 89.12], ['2022-05-01', 89.86], ['2022-06-01', 90.14], ['2022-07-01', 90.6], ['2022-08-01', 91.03], ['2022-09-01', 91.29], ['2022-10-01', 90.58], ['2022-11-01', 90.52], ['2022-12-01', 91.88], ['2023-01-01', 91.29], ['2023-02-01', 90.39], ['2023-03-01', 89.79], ['2023-04-01', 91.37], ['2023-05-01', 90.5]]",Health Care & Pharmaceuticals,PIRAMAL-HEALTHCARE-LTD,PEL,0.0075068493150684985,0.00017808219178081568,82.7288,91.15439999999998,PEL,Piramal Enterprises Limited,1618975.20895,MIDCAP
30,"[['2021-05-01', 75.13], ['2021-06-01', 78.8], ['2021-07-01', 78.14], ['2021-08-01', 78.19], ['2021-09-01', 75.77], ['2021-10-01', 84.53], ['2021-11-01', 84.55], ['2021-12-01', 85.16], ['2022-01-01', 86.0], ['2022-02-01', 82.24], ['2022-03-01', 81.42], ['2022-04-01', 81.02], ['2022-05-01', 89.24], ['2022-06-01', 88.41], ['2022-07-01', 88.62], ['2022-08-01', 85.39], ['2022-09-01', 85.53], ['2022-10-01', 83.68], ['2022-11-01', 84.08], ['2022-12-01', 76.99], ['2023-01-01', 75.8], ['2023-02-01', 80.58], ['2023-03-01', 80.36], ['2023-04-01', 88.21], ['2023-05-01', 82.37]]","[['2021-05-01', 73.68], ['2021-06-01', 66.06], ['2021-07-01', 64.55], ['2021-08-01', 65.18], ['2021-09-01', 62.83], ['2021-10-01', 73.04], ['2021-11-01', 73.73], ['2021-12-01', 74.79], ['2022-01-01', 83.74], ['2022-02-01', 79.37], ['2022-03-01', 77.69], ['2022-04-01', 78.46], ['2022-05-01', 86.15], ['2022-06-01', 84.56], ['2022-07-01', 85.29], ['2022-08-01', 80.88], ['2022-09-01', 82.14], ['2022-10-01', 81.69], ['2022-11-01', 80.58], ['2022-12-01', 74.29], ['2023-01-01', 72.86], ['2023-02-01', 77.7], ['2023-03-01', 77.14], ['2023-04-01', 87.68], ['2023-05-01', 78.83]]",Petroleum Refineries,Bharat-Petroleum-Corporation-Limited,BPCL,0.009917808219178094,0.007054794520547933,82.4084,76.91640000000001,BPCL,Bharat Petroleum Corporation Limited,7468737.197592,LARGECAP
31,"[['2023-01-01', 81.96], ['2023-02-01', 82.18], ['2023-03-01', 81.97], ['2023-04-01', 81.74], ['2023-05-01', 83.04]]","[['2023-01-01', 74.51], ['2023-02-01', 75.0], ['2023-03-01', 73.38], ['2023-04-01', 70.78], ['2023-05-01', 72.78]]",Containers & Packaging Manufacturing,Mold-Tek-Packaging-Ltd,MOLDTKPAC,0.009000000000000103,-0.014416666666666699,82.178,73.28999999999999,MOLDTKPAC,Mold-Tek Packaging Limited,299062.80985049997,SMALLCAP
32,"[['2022-03-01', 75.82], ['2022-04-01', 78.95], ['2022-05-01', 82.55], ['2022-06-01', 81.03], ['2022-07-01', 80.58], ['2022-08-01', 82.73], ['2022-09-01', 83.0], ['2022-10-01', 84.01], ['2022-11-01', 86.08], ['2022-12-01', 82.13], ['2023-01-01', 81.86], ['2023-02-01', 82.18], ['2023-03-01', 81.96], ['2023-04-01', 80.73], ['2023-05-01', 86.16]]","[['2022-03-01', 78.16], ['2022-04-01', 79.51], ['2022-05-01', 84.28], ['2022-06-01', 82.43], ['2022-07-01', 82.15], ['2022-08-01', 84.98], ['2022-09-01', 85.69], ['2022-10-01', 85.57], ['2022-11-01', 88.23], ['2022-12-01', 82.49], ['2023-01-01', 84.1], ['2023-02-01', 83.15], ['2023-03-01', 82.59], ['2023-04-01', 81.69], ['2023-05-01', 87.27]]",Mining (except Oil & Gas),Tata-Metaliks-Ltd,TATAMETALI,0.024272300469483577,0.021384976525821595,81.98466666666668,83.486,TATAMETALI,Tata Metaliks Limited,236799.6725,SMALLCAP
33,"[['2021-05-01', 59.5], ['2021-06-01', 66.27], ['2021-07-01', 66.09], ['2021-08-01', 68.32], ['2021-09-01', 69.15], ['2021-10-01', 77.49], ['2021-11-01', 77.21], ['2021-12-01', 78.75], ['2022-01-01', 77.01], ['2022-02-01', 79.39], ['2022-03-01', 79.02], ['2022-04-01', 78.97], ['2022-05-01', 82.88], ['2022-06-01', 82.85], ['2022-07-01', 85.58], ['2022-08-01', 83.95], ['2022-09-01', 84.55], ['2022-10-01', 89.01], ['2022-11-01', 94.48], ['2022-12-01', 95.02], ['2023-01-01', 96.49], ['2023-02-01', 96.02], ['2023-03-01', 95.83], ['2023-04-01', 90.76], ['2023-05-01', 91.45]]","[['2021-05-01', 69.94], ['2021-06-01', 74.87], ['2021-07-01', 74.41], ['2021-08-01', 76.36], ['2021-09-01', 77.72], ['2021-10-01', 82.76], ['2021-11-01', 81.89], ['2021-12-01', 81.98], ['2022-01-01', 80.81], ['2022-02-01', 82.77], ['2022-03-01', 82.54], ['2022-04-01', 81.0], ['2022-05-01', 84.09], ['2022-06-01', 84.45], ['2022-07-01', 87.79], ['2022-08-01', 85.32], ['2022-09-01', 86.14], ['2022-10-01', 90.52], ['2022-11-01', 95.7], ['2022-12-01', 95.58], ['2023-01-01', 98.02], ['2023-02-01', 98.02], ['2023-03-01', 98.02], ['2023-04-01', 89.58], ['2023-05-01', 91.56]]",Pharmaceutical & Medicine Manufacturing,Glenmark-Pharmaceuticals-Limited,GLENMARK,0.04376712328767124,0.02961643835616439,81.8416,85.27359999999999,GLENMARK,Glenmark Pharmaceuticals Limited,1311235.420932,MIDCAP
34,"[['2022-01-01', 83.17], ['2022-02-01', 87.16], ['2022-03-01', 85.31], ['2022-04-01', 77.95], ['2022-05-01', 78.15], ['2022-06-01', 78.21], ['2022-07-01', 77.63], ['2022-08-01', 82.66], ['2022-09-01', 82.98], ['2022-10-01', 87.32], ['2022-11-01', 87.44], ['2022-12-01', 88.67], ['2023-01-01', 74.71], ['2023-02-01', 79.49], ['2023-03-01', 79.68], ['2023-04-01', 79.99], ['2023-05-01', 79.63]]","[['2022-01-01', 83.36], ['2022-02-01', 87.04], ['2022-03-01', 87.21], ['2022-04-01', 77.73], ['2022-05-01', 78.46], ['2022-06-01', 79.01], ['2022-07-01', 78.16], ['2022-08-01', 83.72], ['2022-09-01', 84.54], ['2022-10-01', 88.27], ['2022-11-01', 88.09], ['2022-12-01', 90.1], ['2023-01-01', 74.35], ['2023-02-01', 78.99], ['2023-03-01', 79.43], ['2023-04-01', 77.42], ['2023-05-01', 77.37]]","Chemicals, Plastics & Rubber Products Mfg.",Rossari-Biotech-Ltd,ROSSARI,-0.007298969072164961,-0.012350515463917515,81.77352941176471,81.95588235294117,ROSSARI,Rossari Biotech Limited,328781.85204599996,SMALLCAP
35,"[['2021-06-01', 96.29], ['2021-07-01', 96.33], ['2021-08-01', 96.64], ['2021-09-01', 94.11], ['2021-10-01', 76.67], ['2021-11-01', 77.83], ['2021-12-01', 79.75], ['2022-01-01', 76.61], ['2022-02-01', 77.45], ['2022-03-01', 76.36], ['2022-04-01', 77.93], ['2022-05-01', 78.12], ['2022-06-01', 78.18], ['2022-07-01', 84.03], ['2022-08-01', 85.5], ['2022-09-01', 84.26], ['2022-10-01', 83.38], ['2022-11-01', 83.35], ['2022-12-01', 84.0], ['2023-01-01', 75.24], ['2023-02-01', 73.19], ['2023-03-01', 72.54], ['2023-04-01', 66.72], ['2023-05-01', 61.08]]","[['2021-06-01', 93.1], ['2021-07-01', 92.0], ['2021-08-01', 93.21], ['2021-09-01', 92.64], ['2021-10-01', 68.57], ['2021-11-01', 68.05], ['2021-12-01', 72.51], ['2022-01-01', 66.49], ['2022-02-01', 66.33], ['2022-03-01', 64.65], ['2022-04-01', 66.83], ['2022-05-01', 65.33], ['2022-06-01', 64.76], ['2022-07-01', 76.42], ['2022-08-01', 78.14], ['2022-09-01', 75.0], ['2022-10-01', 76.61], ['2022-11-01', 77.42], ['2022-12-01', 75.56], ['2023-01-01', 64.19], ['2023-02-01', 63.04], ['2023-03-01', 62.34], ['2023-04-01', 57.2], ['2023-05-01', 51.48]]",Alternative Energy,SJVN-Ltd,SJVN,-0.05037195994277541,-0.05954220314735336,80.64833333333333,72.16125,SJVN,SJVN Limited,1306656.8956875,MIDCAP
36,"[['2023-01-01', 81.78], ['2023-02-01', 79.14], ['2023-03-01', 78.89], ['2023-04-01', 78.21], ['2023-05-01', 79.94]]","[['2023-01-01', 80.88], ['2023-02-01', 79.87], ['2023-03-01', 78.66], ['2023-04-01', 79.07], ['2023-05-01', 78.95]]",Business Support Services,BLS-International-Services-Ltd,BLS,-0.015333333333333362,-0.016083333333333272,79.592,79.486,BLS,BLS International Services Limited,680728.74,MIDCAP
37,"[['2021-06-01', 41.32], ['2021-07-01', 85.84], ['2021-08-01', 81.78], ['2021-09-01', 82.36], ['2021-10-01', 68.12], ['2021-11-01', 72.27], ['2021-12-01', 74.19], ['2022-01-01', 81.74], ['2022-02-01', 82.47], ['2022-03-01', 82.59], ['2022-04-01', 83.23], ['2022-05-01', 83.5], ['2022-06-01', 83.58], ['2022-07-01', 83.31], ['2022-08-01', 82.89], ['2022-09-01', 83.1], ['2022-10-01', 80.29], ['2022-11-01', 76.9], ['2022-12-01', 78.67], ['2023-01-01', 81.49], ['2023-02-01', 81.31], ['2023-03-01', 81.12], ['2023-04-01', 80.09], ['2023-05-01', 80.45]]","[['2021-06-01', 44.85], ['2021-07-01', 89.44], ['2021-08-01', 85.9], ['2021-09-01', 85.35], ['2021-10-01', 69.94], ['2021-11-01', 75.07], ['2021-12-01', 76.47], ['2022-01-01', 83.8], ['2022-02-01', 84.55], ['2022-03-01', 84.08], ['2022-04-01', 84.55], ['2022-05-01', 85.57], ['2022-06-01', 85.54], ['2022-07-01', 84.73], ['2022-08-01', 84.56], ['2022-09-01', 84.62], ['2022-10-01', 81.25], ['2022-11-01', 76.33], ['2022-12-01', 78.72], ['2023-01-01', 80.45], ['2023-02-01', 80.09], ['2023-03-01', 79.73], ['2023-04-01', 78.65], ['2023-05-01', 79.46]]",Manufacturing,Blue-Star-Limited,BLUESTARCO,0.05597997138769671,0.049513590844062934,78.85875,80.15416666666667,BLUESTARCO,Blue Star Limited,1328312.986352,MIDCAP
38,"[['2021-12-01', 22.37], ['2022-01-01', 15.36], ['2022-02-01', 16.5], ['2022-03-01', 88.47], ['2022-04-01', 89.37], ['2022-05-01', 89.95], ['2022-06-01', 91.85], ['2022-07-01', 91.66], ['2022-08-01', 91.25], ['2022-09-01', 93.53], ['2022-10-01', 93.22], ['2022-11-01', 93.26], ['2022-12-01', 89.75], ['2023-01-01', 89.88], ['2023-02-01', 90.35], ['2023-03-01', 90.23], ['2023-04-01', 90.27], ['2023-05-01', 90.12]]","[['2021-12-01', 30.8], ['2022-01-01', 16.61], ['2022-02-01', 17.33], ['2022-03-01', 87.5], ['2022-04-01', 87.66], ['2022-05-01', 88.16], ['2022-06-01', 91.14], ['2022-07-01', 90.96], ['2022-08-01', 90.56], ['2022-09-01', 92.16], ['2022-10-01', 91.37], ['2022-11-01', 91.64], ['2022-12-01', 90.45], ['2023-01-01', 89.9], ['2023-02-01', 90.95], ['2023-03-01', 90.1], ['2023-04-01', 88.19], ['2023-05-01', 88.57]]",Textiles & Apparel,Mayur-Uniquoters-Ltd,MAYURUNIQ,0.1312984496124031,0.11195736434108526,78.74388888888888,78.55833333333334,MAYURUNIQ,Mayur Uniquoters Ltd,184622.8963,SMALLCAP
39,"[['2021-06-01', 94.83], ['2021-07-01', 94.82], ['2021-08-01', 95.48], ['2021-09-01', 93.28], ['2021-10-01', 83.72], ['2021-11-01', 83.07], ['2021-12-01', 85.13], ['2022-01-01', 80.18], ['2022-02-01', 77.03], ['2022-03-01', 74.88], ['2022-04-01', 74.16], ['2022-05-01', 74.33], ['2022-06-01', 72.42], ['2022-07-01', 72.58], ['2022-08-01', 74.6], ['2022-09-01', 74.86], ['2022-10-01', 75.0], ['2022-11-01', 75.23], ['2022-12-01', 76.56], ['2023-01-01', 60.89], ['2023-02-01', 60.5], ['2023-03-01', 59.88], ['2023-04-01', 56.3], ['2023-05-01', 55.11]]","[['2021-06-01', 91.34], ['2021-07-01', 91.23], ['2021-08-01', 92.04], ['2021-09-01', 91.16], ['2021-10-01', 75.63], ['2021-11-01', 74.77], ['2021-12-01', 76.69], ['2022-01-01', 73.07], ['2022-02-01', 67.98], ['2022-03-01', 64.46], ['2022-04-01', 60.33], ['2022-05-01', 62.13], ['2022-06-01', 60.05], ['2022-07-01', 60.0], ['2022-08-01', 63.47], ['2022-09-01', 64.29], ['2022-10-01', 65.97], ['2022-11-01', 66.41], ['2022-12-01', 66.25], ['2023-01-01', 46.51], ['2023-02-01', 47.13], ['2023-03-01', 46.17], ['2023-04-01', 44.68], ['2023-05-01', 42.69]]",Brokerage & Capital Markets,MOTILAL-OSWAL-FINANCIAL-SERVICES-LIMITED,MOTILALOFS,-0.05682403433476395,-0.0695994277539342,76.035,66.43541666666665,MOTILALOFS,Motilal Oswal Financial Services Limited,902921.309978,MIDCAP
